mysql> source solution4.sql
--------------
/*
(1) Find the department number and name of all departments that do not have a manager. 
*/
select dnumber, dname from department where manager is null
--------------

+---------+-------+
| dnumber | dname |
+---------+-------+
|      10 | DUST  |
+---------+-------+
1 row in set (0.00 sec)

--------------
/*
(2) Find the employee number and name of all employees whose salaries are greater than or equal to 100 but less than or equal to 165.
*/
select enumber, name from employee where salary >= 100 and salary <= 165
--------------

+---------+----------+
| enumber | name     |
+---------+----------+
| 00110   | Alvin    |
| 00120   | Alice    |
| 00200   | Carl     |
| 00250   | Douglass |
| 00301   | Ivan     |
| 00303   | Kate     |
| 00510   | Anna     |
+---------+----------+
7 rows in set (0.00 sec)

--------------
/*
(3) Find the total number of employees that have no supervisor. 
*/
select count(*) from employee where supervisor is null
--------------

+----------+
| count(*) |
+----------+
|        5 |
+----------+
1 row in set (0.00 sec)

--------------
/*
(4) Find the department number and the total number of employees for each department.
*/
select dnumber, count(*) total_number_of_employees from employee group by dnumber
--------------

+---------+---------------------------+
| dnumber | total_number_of_employees |
+---------+---------------------------+
|       1 |                         5 |
|       2 |                         2 |
|       3 |                         2 |
|       4 |                         2 |
|       5 |                         3 |
|       6 |                         3 |
|       7 |                         1 |
|       8 |                         5 |
|       9 |                         3 |
+---------+---------------------------+
9 rows in set (0.00 sec)

--------------
/*
(5) Find the average budget of all the departments. 
*/
select avg(budget) from department
--------------

+----------------+
| avg(budget)    |
+----------------+
| 2330353.350000 |
+----------------+
1 row in set (0.00 sec)

--------------
/*
(6) Find the department number and the total number of locations for each department. 
*/
select dnumber, count(*) from deptlocation group by dnumber
--------------

+---------+----------+
| dnumber | count(*) |
+---------+----------+
|       1 |        3 |
|       2 |        1 |
|       3 |        2 |
|       4 |        1 |
|       5 |        2 |
|       6 |        1 |
|       7 |        1 |
|       8 |        1 |
|       9 |        1 |
|      10 |        1 |
+---------+----------+
10 rows in set (0.00 sec)

mysql> notee
